marque,name,Prix,discount,Avis,caracterstique,deescriptive
Infinix,"Boutique OfficielleInfinix Hot 9 - 6.6""- 4 Go - 64 Go - Cyan - Garantie 1 An",429.00 TND,28%,"Commentaires (4)5 out of 5bienTous bien22-09-2020par SemahAchat vérifié5 out of 5J'aime bienTelifoun b caracteristique hedhom w b soum hedha s3yb tal9ah , navigation rapide w kol chay tayyara  wyched barcha charge .29-08-2020par HoussemAchat vérifié5 out of 5J'aime çaSuper????????22-08-2020par RahmaAchat vérifié","
Ecran : 6.6"" HD+, Résolution : 720 x 1600 pixels
Mémoire : RAM 4 Go , ROM 64 Go ; microSD, jusqu'à 256 Go
Appareil photo arrière Tripler : 16 MP, 2MP, 2MP + AI
Caméra Selfie : 8 MP, f  , Flash LED
Processeur : Mediatek Helio A25
Batterie : 5000 mAh
Garantie : 1 An
OS : Android 10
Vidéo : 1080p à 30fps
Capteurs : Face Unlock, Empreinte digitale , accéléromètre, proximité, boussole
Dual SIM
","Principales caractéristiques
Ecran : 6.6"" HD+, Résolution : 720 x 1600 pixels
Mémoire : RAM 4 Go , ROM 64 Go ; microSD, jusqu'à 256 Go
Appareil photo arrière Tripler : 16 MP, 2MP, 2MP + AI
Caméra Selfie : 8 MP, f  , Flash LED
Processeur : Mediatek Helio A25
Batterie : 5000 mAh
Garantie : 1 An
OS : Android 10
Vidéo : 1080p à 30fps
Capteurs : Face Unlock, Empreinte digitale , accéléromètre, proximité, boussole
Dual SIM
"
